{
  "id": "2023602",
  "name": "医美",
  "font_family": "iconfont",
  "css_prefix_text": "icon-",
  "description": "",
  "glyphs": [
    {
      "icon_id": "5205859",
      "name": "针管",
      "font_class": "icon1",
      "unicode": "e60d",
      "unicode_decimal": 58893
    },
    {
      "icon_id": "13543855",
      "name": "美妆",
      "font_class": "meizhuang",
      "unicode": "e620",
      "unicode_decimal": 58912
    },
    {
      "icon_id": "12476913",
      "name": "优惠券",
      "font_class": "youhuiquan",
      "unicode": "e60c",
      "unicode_decimal": 58892
    },
    {
      "icon_id": "925473",
      "name": "进度条-钱袋",
      "font_class": "jindutiaoqiandai",
      "unicode": "e643",
      "unicode_decimal": 58947
    },
    {
      "icon_id": "376212",
      "name": "钱包",
      "font_class": "qianbao2",
      "unicode": "e64f",
      "unicode_decimal": 58959
    },
    {
      "icon_id": "614576",
      "name": "礼品",
      "font_class": "lipin",
      "unicode": "e633",
      "unicode_decimal": 58931
    },
    {
      "icon_id": "6249916",
      "name": "预约",
      "font_class": "yuyue",
      "unicode": "e61a",
      "unicode_decimal": 58906
    },
    {
      "icon_id": "8282000",
      "name": "商城",
      "font_class": "shangcheng",
      "unicode": "e614",
      "unicode_decimal": 58900
    },
    {
      "icon_id": "12329539",
      "name": "邀请好友",
      "font_class": "yaoqinghaoyou",
      "unicode": "e7b5",
      "unicode_decimal": 59317
    },
    {
      "icon_id": "6446106",
      "name": "钱包",
      "font_class": "tianchongxing-",
      "unicode": "e62c",
      "unicode_decimal": 58924
    },
    {
      "icon_id": "9306311",
      "name": "微信支付",
      "font_class": "weixinzhifu",
      "unicode": "e689",
      "unicode_decimal": 59017
    },
    {
      "icon_id": "1411085",
      "name": "2医院",
      "font_class": "yiyuan",
      "unicode": "e636",
      "unicode_decimal": 58934
    },
    {
      "icon_id": "5849193",
      "name": "通知",
      "font_class": "tongzhi",
      "unicode": "e607",
      "unicode_decimal": 58887
    },
    {
      "icon_id": "551215",
      "name": "通知",
      "font_class": "notice",
      "unicode": "e60a",
      "unicode_decimal": 58890
    },
    {
      "icon_id": "15226164",
      "name": "订单-已完成",
      "font_class": "dingdan-yiwancheng",
      "unicode": "e60b",
      "unicode_decimal": 58891
    },
    {
      "icon_id": "883997",
      "name": "预约中心",
      "font_class": "yuyuezhongxin",
      "unicode": "e626",
      "unicode_decimal": 58918
    },
    {
      "icon_id": "1089307",
      "name": "银行卡",
      "font_class": "buoumaotubiao26",
      "unicode": "e618",
      "unicode_decimal": 58904
    },
    {
      "icon_id": "1687273",
      "name": "带评价",
      "font_class": "ziyuan",
      "unicode": "e635",
      "unicode_decimal": 58933
    },
    {
      "icon_id": "3681578",
      "name": "钱包",
      "font_class": "qianbao",
      "unicode": "e665",
      "unicode_decimal": 58981
    },
    {
      "icon_id": "3850015",
      "name": "地址",
      "font_class": "dizhi",
      "unicode": "e613",
      "unicode_decimal": 58899
    },
    {
      "icon_id": "5206117",
      "name": "订单",
      "font_class": "icon",
      "unicode": "e611",
      "unicode_decimal": 58897
    },
    {
      "icon_id": "5849184",
      "name": "购物车",
      "font_class": "gouwuche",
      "unicode": "e602",
      "unicode_decimal": 58882
    },
    {
      "icon_id": "7316190",
      "name": "订单",
      "font_class": "dingdan",
      "unicode": "e604",
      "unicode_decimal": 58884
    },
    {
      "icon_id": "9673163",
      "name": "团队",
      "font_class": "tuandui",
      "unicode": "e609",
      "unicode_decimal": 58889
    },
    {
      "icon_id": "9674100",
      "name": "消费",
      "font_class": "xiaofei",
      "unicode": "e62a",
      "unicode_decimal": 58922
    },
    {
      "icon_id": "11441203",
      "name": "二维码",
      "font_class": "erweima",
      "unicode": "e634",
      "unicode_decimal": 58932
    },
    {
      "icon_id": "11459679",
      "name": "待收货",
      "font_class": "daishouhuo",
      "unicode": "e63e",
      "unicode_decimal": 58942
    },
    {
      "icon_id": "11459682",
      "name": "待发货",
      "font_class": "daifahuo",
      "unicode": "e63f",
      "unicode_decimal": 58943
    },
    {
      "icon_id": "11594389",
      "name": "钱包",
      "font_class": "qianbao1",
      "unicode": "e6b1",
      "unicode_decimal": 59057
    },
    {
      "icon_id": "12797030",
      "name": "积分明细",
      "font_class": "jifenmingxi",
      "unicode": "e63c",
      "unicode_decimal": 58940
    },
    {
      "icon_id": "491508",
      "name": "v",
      "font_class": "v",
      "unicode": "e656",
      "unicode_decimal": 58966
    },
    {
      "icon_id": "6548540",
      "name": "男",
      "font_class": "nan",
      "unicode": "e657",
      "unicode_decimal": 58967
    },
    {
      "icon_id": "6548543",
      "name": "女",
      "font_class": "nv",
      "unicode": "e658",
      "unicode_decimal": 58968
    },
    {
      "icon_id": "11349281",
      "name": "vipdiamond-f",
      "font_class": "vipdiamond-f",
      "unicode": "e65c",
      "unicode_decimal": 58972
    }
  ]
}
